ssd_count,metric,metric_label_cn,effect_type,effect,estimate,unit,positive_change_meaning
1,mean_gpu_utilization_percent,平均 GPU 利用率,main,C,1.7763568394002505e-15,pp,改善
1,mean_gpu_utilization_percent,平均 GPU 利用率,main,U,5.3689279805781736,pp,改善
1,mean_gpu_utilization_percent,平均 GPU 利用率,main,E,21.644152502331778,pp,改善
1,mean_gpu_utilization_percent,平均 GPU 利用率,second_order,C:U,-3.552713678800501e-15,pp,改善
1,mean_gpu_utilization_percent,平均 GPU 利用率,second_order,C:E,-3.552713678800501e-15,pp,改善
1,mean_gpu_utilization_percent,平均 GPU 利用率,second_order,U:E,8.864802468515828,pp,改善
1,mean_gpu_utilization_percent,平均 GPU 利用率,third_order,C:U:E,7.105427357601002e-15,pp,改善
1,min_gpu_utilization_percent,最低 GPU 利用率,main,C,2.7755575615628914e-17,pp,改善
1,min_gpu_utilization_percent,最低 GPU 利用率,main,U,-0.34631713703422085,pp,改善
1,min_gpu_utilization_percent,最低 GPU 利用率,main,E,0.2839481334263062,pp,改善
1,min_gpu_utilization_percent,最低 GPU 利用率,second_order,C:U,-1.6653345369377348e-16,pp,改善
1,min_gpu_utilization_percent,最低 GPU 利用率,second_order,C:E,-5.551115123125783e-17,pp,改善
1,min_gpu_utilization_percent,最低 GPU 利用率,second_order,U:E,-0.5004980687641876,pp,改善
1,min_gpu_utilization_percent,最低 GPU 利用率,third_order,C:U:E,-1.1102230246251565e-16,pp,改善
1,p95_gpu_utilization_percent,P95 GPU 利用率,main,C,3.552713678800501e-15,pp,改善
1,p95_gpu_utilization_percent,P95 GPU 利用率,main,U,6.945449091930733,pp,改善
1,p95_gpu_utilization_percent,P95 GPU 利用率,main,E,48.999024936357515,pp,改善
1,p95_gpu_utilization_percent,P95 GPU 利用率,second_order,C:U,-7.105427357601002e-15,pp,改善
1,p95_gpu_utilization_percent,P95 GPU 利用率,second_order,C:E,7.105427357601002e-15,pp,改善
1,p95_gpu_utilization_percent,P95 GPU 利用率,second_order,U:E,8.635851927946604,pp,改善
1,p95_gpu_utilization_percent,P95 GPU 利用率,third_order,C:U:E,0.0,pp,改善
1,max_gpu_utilization_percent,最高 GPU 利用率,main,C,0.0,pp,改善
1,max_gpu_utilization_percent,最高 GPU 利用率,main,U,0.9178712723756632,pp,改善
1,max_gpu_utilization_percent,最高 GPU 利用率,main,E,50.21131364405443,pp,改善
1,max_gpu_utilization_percent,最高 GPU 利用率,second_order,C:U,0.0,pp,改善
1,max_gpu_utilization_percent,最高 GPU 利用率,second_order,C:E,0.0,pp,改善
1,max_gpu_utilization_percent,最高 GPU 利用率,second_order,U:E,0.3658130733758753,pp,改善
1,max_gpu_utilization_percent,最高 GPU 利用率,third_order,C:U:E,0.0,pp,改善
1,mean_ttft_us,平均 TTFT,main,C,-1.4551915228366852e-10,us,退化（时间变长）
1,mean_ttft_us,平均 TTFT,main,U,-72587.55804921922,us,退化（时间变长）
1,mean_ttft_us,平均 TTFT,main,E,-552394.2748905241,us,退化（时间变长）
1,mean_ttft_us,平均 TTFT,second_order,C:U,1.7462298274040222e-10,us,退化（时间变长）
1,mean_ttft_us,平均 TTFT,second_order,C:E,5.820766091346741e-11,us,退化（时间变长）
1,mean_ttft_us,平均 TTFT,second_order,U:E,-89928.0184984373,us,退化（时间变长）
1,mean_ttft_us,平均 TTFT,third_order,C:U:E,-1.1641532182693481e-10,us,退化（时间变长）
1,p95_ttft_us,P95 TTFT,main,C,0.0,us,退化（时间变长）
1,p95_ttft_us,P95 TTFT,main,U,-197819.98532564106,us,退化（时间变长）
1,p95_ttft_us,P95 TTFT,main,E,26654.83853076934,us,退化（时间变长）
1,p95_ttft_us,P95 TTFT,second_order,C:U,0.0,us,退化（时间变长）
1,p95_ttft_us,P95 TTFT,second_order,C:E,0.0,us,退化（时间变长）
1,p95_ttft_us,P95 TTFT,second_order,U:E,-190711.7807948715,us,退化（时间变长）
1,p95_ttft_us,P95 TTFT,third_order,C:U:E,0.0,us,退化（时间变长）
1,max_ttft_us,Max TTFT,main,C,1.1641532182693481e-10,us,退化（时间变长）
1,max_ttft_us,Max TTFT,main,U,-284776.74469230743,us,退化（时间变长）
1,max_ttft_us,Max TTFT,main,E,148294.88290769223,us,退化（时间变长）
1,max_ttft_us,Max TTFT,second_order,C:U,0.0,us,退化（时间变长）
1,max_ttft_us,Max TTFT,second_order,C:E,0.0,us,退化（时间变长）
1,max_ttft_us,Max TTFT,second_order,U:E,-296589.76581538445,us,退化（时间变长）
1,max_ttft_us,Max TTFT,third_order,C:U:E,0.0,us,退化（时间变长）
1,late_gpu_layer_count,逾期 GPU layer 数,main,C,0.0,count,退化（数量增加）
1,late_gpu_layer_count,逾期 GPU layer 数,main,U,-22.0,count,退化（数量增加）
1,late_gpu_layer_count,逾期 GPU layer 数,main,E,-283.0,count,退化（数量增加）
1,late_gpu_layer_count,逾期 GPU layer 数,second_order,C:U,0.0,count,退化（数量增加）
1,late_gpu_layer_count,逾期 GPU layer 数,second_order,C:E,0.0,count,退化（数量增加）
1,late_gpu_layer_count,逾期 GPU layer 数,second_order,U:E,-44.0,count,退化（数量增加）
1,late_gpu_layer_count,逾期 GPU layer 数,third_order,C:U:E,0.0,count,退化（数量增加）
1,p95_delta_us,P95 预取超期量,main,C,-5.820766091346741e-11,us,退化（超期增加）
1,p95_delta_us,P95 预取超期量,main,U,-19097.395200000028,us,退化（超期增加）
1,p95_delta_us,P95 预取超期量,main,E,829477.7250410257,us,退化（超期增加）
1,p95_delta_us,P95 预取超期量,second_order,C:U,0.0,us,退化（超期增加）
1,p95_delta_us,P95 预取超期量,second_order,C:E,0.0,us,退化（超期增加）
1,p95_delta_us,P95 预取超期量,second_order,U:E,-38194.790400000056,us,退化（超期增加）
1,p95_delta_us,P95 预取超期量,third_order,C:U:E,0.0,us,退化（超期增加）
1,worst_delta_us,最坏预取超期量,main,C,0.0,us,退化（超期增加）
1,worst_delta_us,最坏预取超期量,main,U,71001.90720000002,us,退化（超期增加）
1,worst_delta_us,最坏预取超期量,main,E,1160782.848,us,退化（超期增加）
1,worst_delta_us,最坏预取超期量,second_order,C:U,0.0,us,退化（超期增加）
1,worst_delta_us,最坏预取超期量,second_order,C:E,0.0,us,退化（超期增加）
1,worst_delta_us,最坏预取超期量,second_order,U:E,142003.81440000003,us,退化（超期增加）
1,worst_delta_us,最坏预取超期量,third_order,C:U:E,0.0,us,退化（超期增加）
1,mean_actual_read_us,平均实际读取时间,main,C,-2.1827872842550278e-11,us,退化（时间变长）
1,mean_actual_read_us,平均实际读取时间,main,U,-16938.531125781294,us,退化（时间变长）
1,mean_actual_read_us,平均实际读取时间,main,E,-141734.63788597978,us,退化（时间变长）
1,mean_actual_read_us,平均实际读取时间,second_order,C:U,1.4551915228366852e-11,us,退化（时间变长）
1,mean_actual_read_us,平均实际读取时间,second_order,C:E,1.4551915228366852e-11,us,退化（时间变长）
1,mean_actual_read_us,平均实际读取时间,second_order,U:E,-20065.287851562593,us,退化（时间变长）
1,mean_actual_read_us,平均实际读取时间,third_order,C:U:E,2.9103830456733704e-11,us,退化（时间变长）
2,mean_gpu_utilization_percent,平均 GPU 利用率,main,C,-0.19812048896755918,pp,改善
2,mean_gpu_utilization_percent,平均 GPU 利用率,main,U,4.85537180817383,pp,改善
2,mean_gpu_utilization_percent,平均 GPU 利用率,main,E,19.194869241070133,pp,改善
2,mean_gpu_utilization_percent,平均 GPU 利用率,second_order,C:U,0.39533457577818254,pp,改善
2,mean_gpu_utilization_percent,平均 GPU 利用率,second_order,C:E,0.5018436378984781,pp,改善
2,mean_gpu_utilization_percent,平均 GPU 利用率,second_order,U:E,6.529566057855845,pp,改善
2,mean_gpu_utilization_percent,平均 GPU 利用率,third_order,C:U:E,0.7386692021264878,pp,改善
2,min_gpu_utilization_percent,最低 GPU 利用率,main,C,-0.031995409213367576,pp,改善
2,min_gpu_utilization_percent,最低 GPU 利用率,main,U,-0.7564571320281201,pp,改善
2,min_gpu_utilization_percent,最低 GPU 利用率,main,E,0.6440612985425451,pp,改善
2,min_gpu_utilization_percent,最低 GPU 利用率,second_order,C:U,0.009506533067083933,pp,改善
2,min_gpu_utilization_percent,最低 GPU 利用率,second_order,C:E,-0.018412383688435674,pp,改善
2,min_gpu_utilization_percent,最低 GPU 利用率,second_order,U:E,-1.1418534837856429,pp,改善
2,min_gpu_utilization_percent,最低 GPU 利用率,third_order,C:U:E,0.0011954574682555563,pp,改善
2,p95_gpu_utilization_percent,P95 GPU 利用率,main,C,-0.5025999672365735,pp,改善
2,p95_gpu_utilization_percent,P95 GPU 利用率,main,U,4.3493707652039895,pp,改善
2,p95_gpu_utilization_percent,P95 GPU 利用率,main,E,19.626305688446617,pp,改善
2,p95_gpu_utilization_percent,P95 GPU 利用率,second_order,C:U,1.2350350048504524,pp,改善
2,p95_gpu_utilization_percent,P95 GPU 利用率,second_order,C:E,0.44086477337871344,pp,改善
2,p95_gpu_utilization_percent,P95 GPU 利用率,second_order,U:E,0.029301732935614666,pp,改善
2,p95_gpu_utilization_percent,P95 GPU 利用率,third_order,C:U:E,1.9479655739522599,pp,改善
2,max_gpu_utilization_percent,最高 GPU 利用率,main,C,-0.34071392501476083,pp,改善
2,max_gpu_utilization_percent,最高 GPU 利用率,main,U,0.6110039752990346,pp,改善
2,max_gpu_utilization_percent,最高 GPU 利用率,main,E,13.11121399597057,pp,改善
2,max_gpu_utilization_percent,最高 GPU 利用率,second_order,C:U,0.3225451198855467,pp,改善
2,max_gpu_utilization_percent,最高 GPU 利用率,second_order,C:E,1.088252964023404,pp,改善
2,max_gpu_utilization_percent,最高 GPU 利用率,second_order,U:E,-0.23465166204292842,pp,改善
2,max_gpu_utilization_percent,最高 GPU 利用率,third_order,C:U:E,0.15208030818875784,pp,改善
2,mean_ttft_us,平均 TTFT,main,C,6338.469111648825,us,退化（时间变长）
2,mean_ttft_us,平均 TTFT,main,U,-37973.11468849148,us,退化（时间变长）
2,mean_ttft_us,平均 TTFT,main,E,-211028.4588413361,us,退化（时间变长）
2,mean_ttft_us,平均 TTFT,second_order,C:U,-2725.118791606801,us,退化（时间变长）
2,mean_ttft_us,平均 TTFT,second_order,C:E,-7441.861176702951,us,退化（时间变长）
2,mean_ttft_us,平均 TTFT,second_order,U:E,-46271.82197698351,us,退化（时间变长）
2,mean_ttft_us,平均 TTFT,third_order,C:U:E,-3074.7347832127707,us,退化（时间变长）
2,p95_ttft_us,P95 TTFT,main,C,9220.124823076912,us,退化（时间变长）
2,p95_ttft_us,P95 TTFT,main,U,-204422.88193076913,us,退化（时间变长）
2,p95_ttft_us,P95 TTFT,main,E,74019.96070512806,us,退化（时间变长）
2,p95_ttft_us,P95 TTFT,second_order,C:U,3332.5120461537153,us,退化（时间变长）
2,p95_ttft_us,P95 TTFT,second_order,C:E,-3834.4591230769292,us,退化（时间变长）
2,p95_ttft_us,P95 TTFT,second_order,U:E,-231974.83978974365,us,退化（时间变长）
2,p95_ttft_us,P95 TTFT,third_order,C:U:E,10435.401753846207,us,退化（时间变长）
2,max_ttft_us,Max TTFT,main,C,8344.38661282038,us,退化（时间变长）
2,max_ttft_us,Max TTFT,main,U,-323270.5185692308,us,退化（时间变长）
2,max_ttft_us,Max TTFT,main,E,173830.24932820498,us,退化（时间变长）
2,max_ttft_us,Max TTFT,second_order,C:U,9123.538025640999,us,退化（时间变长）
2,max_ttft_us,Max TTFT,second_order,C:E,-4492.3851743590785,us,退化（时间变长）
2,max_ttft_us,Max TTFT,second_order,U:E,-390783.43558974355,us,退化（时间变长）
2,max_ttft_us,Max TTFT,third_order,C:U:E,23747.74805128225,us,退化（时间变长）
2,late_gpu_layer_count,逾期 GPU layer 数,main,C,-32.0,count,退化（数量增加）
2,late_gpu_layer_count,逾期 GPU layer 数,main,U,-3.5,count,退化（数量增加）
2,late_gpu_layer_count,逾期 GPU layer 数,main,E,-244.0,count,退化（数量增加）
2,late_gpu_layer_count,逾期 GPU layer 数,second_order,C:U,-25.0,count,退化（数量增加）
2,late_gpu_layer_count,逾期 GPU layer 数,second_order,C:E,-64.0,count,退化（数量增加）
2,late_gpu_layer_count,逾期 GPU layer 数,second_order,U:E,-7.0,count,退化（数量增加）
2,late_gpu_layer_count,逾期 GPU layer 数,third_order,C:U:E,-50.0,count,退化（数量增加）
2,p95_delta_us,P95 预取超期量,main,C,8677.66064871801,us,退化（超期增加）
2,p95_delta_us,P95 预取超期量,main,U,-20181.040387179528,us,退化（超期增加）
2,p95_delta_us,P95 预取超期量,main,E,375365.01105384616,us,退化（超期增加）
2,p95_delta_us,P95 预取超期量,second_order,C:U,5430.803502564202,us,退化（超期增加）
2,p95_delta_us,P95 预取超期量,second_order,C:E,11262.688302563969,us,退化（超期增加）
2,p95_delta_us,P95 预取超期量,second_order,U:E,-39616.28722564096,us,退化（超期增加）
2,p95_delta_us,P95 预取超期量,third_order,C:U:E,10582.028194871964,us,退化（超期增加）
2,worst_delta_us,最坏预取超期量,main,C,9069.209600000002,us,退化（超期增加）
2,worst_delta_us,最坏预取超期量,main,U,56374.18239999999,us,退化（超期增加）
2,worst_delta_us,最坏预取超期量,main,E,566081.7024000001,us,退化（超期增加）
2,worst_delta_us,最坏预取超期量,second_order,C:U,5595.775999999954,us,退化（超期增加）
2,worst_delta_us,最坏预取超期量,second_order,C:E,15195.263999999966,us,退化（超期增加）
2,worst_delta_us,最坏预取超期量,second_order,U:E,113421.36320000002,us,退化（超期增加）
2,worst_delta_us,最坏预取超期量,third_order,C:U:E,12537.54879999999,us,退化（超期增加）
2,mean_actual_read_us,平均实际读取时间,main,C,1558.167328660984,us,退化（时间变长）
2,mean_actual_read_us,平均实际读取时间,main,U,-5940.364669731618,us,退化（时间变长）
2,mean_actual_read_us,平均实际读取时间,main,E,-57982.30622404834,us,退化（时间变长）
2,mean_actual_read_us,平均实际读取时间,second_order,C:U,-957.0649362279582,us,退化（时间变长）
2,mean_actual_read_us,平均实际读取时间,second_order,C:E,-1913.365192678364,us,退化（时间变长）
2,mean_actual_read_us,平均实际读取时间,second_order,U:E,-4462.127489463368,us,退化（时间变长）
2,mean_actual_read_us,平均实际读取时间,third_order,C:U:E,-1320.2541724561597,us,退化（时间变长）
3,mean_gpu_utilization_percent,平均 GPU 利用率,main,C,-0.32106342278971667,pp,改善
3,mean_gpu_utilization_percent,平均 GPU 利用率,main,U,4.308913545986568,pp,改善
3,mean_gpu_utilization_percent,平均 GPU 利用率,main,E,13.58488234301475,pp,改善
3,mean_gpu_utilization_percent,平均 GPU 利用率,second_order,C:U,0.47365719237389925,pp,改善
3,mean_gpu_utilization_percent,平均 GPU 利用率,second_order,C:E,0.8239674584107277,pp,改善
3,mean_gpu_utilization_percent,平均 GPU 利用率,second_order,U:E,4.69267954832274,pp,改善
3,mean_gpu_utilization_percent,平均 GPU 利用率,third_order,C:U:E,0.9174761873322979,pp,改善
3,min_gpu_utilization_percent,最低 GPU 利用率,main,C,-0.14760040069586722,pp,改善
3,min_gpu_utilization_percent,最低 GPU 利用率,main,U,-1.3430753434021812,pp,改善
3,min_gpu_utilization_percent,最低 GPU 利用率,main,E,1.1936730893978655,pp,改善
3,min_gpu_utilization_percent,最低 GPU 利用率,second_order,C:U,0.1605615613734519,pp,改善
3,min_gpu_utilization_percent,最低 GPU 利用率,second_order,C:E,-0.18561799940020918,pp,改善
3,min_gpu_utilization_percent,最低 GPU 利用率,second_order,U:E,-2.1036125915229498,pp,改善
3,min_gpu_utilization_percent,最低 GPU 利用率,third_order,C:U:E,0.3009049717191705,pp,改善
3,p95_gpu_utilization_percent,P95 GPU 利用率,main,C,-0.19988439925120005,pp,改善
3,p95_gpu_utilization_percent,P95 GPU 利用率,main,U,2.401831776994907,pp,改善
3,p95_gpu_utilization_percent,P95 GPU 利用率,main,E,3.107046209492246,pp,改善
3,p95_gpu_utilization_percent,P95 GPU 利用率,second_order,C:U,1.77993398387175,pp,改善
3,p95_gpu_utilization_percent,P95 GPU 利用率,second_order,C:E,0.7970134794440327,pp,改善
3,p95_gpu_utilization_percent,P95 GPU 利用率,second_order,U:E,-0.12127155584880711,pp,改善
3,p95_gpu_utilization_percent,P95 GPU 利用率,third_order,C:U:E,-1.4582079204390652,pp,改善
3,max_gpu_utilization_percent,最高 GPU 利用率,main,C,0.2567638697456509,pp,改善
3,max_gpu_utilization_percent,最高 GPU 利用率,main,U,-0.8101723062363142,pp,改善
3,max_gpu_utilization_percent,最高 GPU 利用率,main,E,0.7956031761502445,pp,改善
3,max_gpu_utilization_percent,最高 GPU 利用率,second_order,C:U,0.5135277394913302,pp,改善
3,max_gpu_utilization_percent,最高 GPU 利用率,second_order,C:E,-0.11766436069203223,pp,改善
3,max_gpu_utilization_percent,最高 GPU 利用率,second_order,U:E,1.8188789674116919,pp,改善
3,max_gpu_utilization_percent,最高 GPU 利用率,third_order,C:U:E,-0.23532872138406447,pp,改善
3,mean_ttft_us,平均 TTFT,main,C,6017.980760316481,us,退化（时间变长）
3,mean_ttft_us,平均 TTFT,main,U,-26588.020001322235,us,退化（时间变长）
3,mean_ttft_us,平均 TTFT,main,E,-98203.94952956738,us,退化（时间变长）
3,mean_ttft_us,平均 TTFT,second_order,C:U,-2401.8238078129943,us,退化（时间变长）
3,mean_ttft_us,平均 TTFT,second_order,C:E,-6227.866079366853,us,退化（时间变长）
3,mean_ttft_us,平均 TTFT,second_order,U:E,-33219.908402644214,us,退化（时间变长）
3,mean_ttft_us,平均 TTFT,third_order,C:U:E,-4612.229215624277,us,退化（时间变长）
3,p95_ttft_us,P95 TTFT,main,C,-1133.962161538453,us,退化（时间变长）
3,p95_ttft_us,P95 TTFT,main,U,-101947.88206666664,us,退化（时间变长）
3,p95_ttft_us,P95 TTFT,main,E,105644.00343076923,us,退化（时间变长）
3,p95_ttft_us,P95 TTFT,second_order,C:U,-7542.35944102559,us,退化（时间变长）
3,p95_ttft_us,P95 TTFT,second_order,C:E,118.48207692307187,us,退化（时间变长）
3,p95_ttft_us,P95 TTFT,second_order,U:E,-207250.45385641028,us,退化（时间变长）
3,p95_ttft_us,P95 TTFT,third_order,C:U:E,-1501.7172820511041,us,退化（时间变长）
3,max_ttft_us,Max TTFT,main,C,-3086.3358076922013,us,退化（时间变长）
3,max_ttft_us,Max TTFT,main,U,-180584.61188461527,us,退化（时间变长）
3,max_ttft_us,Max TTFT,main,E,149204.67180769218,us,退化（时间变长）
3,max_ttft_us,Max TTFT,second_order,C:U,-10614.041215384495,us,退化（时间变长）
3,max_ttft_us,Max TTFT,second_order,C:E,-1904.0764153847704,us,退化（时间变长）
3,max_ttft_us,Max TTFT,second_order,U:E,-295525.7347846151,us,退化（时间变长）
3,max_ttft_us,Max TTFT,third_order,C:U:E,-1959.0648307690863,us,退化（时间变长）
3,late_gpu_layer_count,逾期 GPU layer 数,main,C,-29.75,count,退化（数量增加）
3,late_gpu_layer_count,逾期 GPU layer 数,main,U,-2.75,count,退化（数量增加）
3,late_gpu_layer_count,逾期 GPU layer 数,main,E,-210.25,count,退化（数量增加）
3,late_gpu_layer_count,逾期 GPU layer 数,second_order,C:U,4.5,count,退化（数量增加）
3,late_gpu_layer_count,逾期 GPU layer 数,second_order,C:E,-60.5,count,退化（数量增加）
3,late_gpu_layer_count,逾期 GPU layer 数,second_order,U:E,-4.5,count,退化（数量增加）
3,late_gpu_layer_count,逾期 GPU layer 数,third_order,C:U:E,7.0,count,退化（数量增加）
3,p95_delta_us,P95 预取超期量,main,C,3693.859175641017,us,退化（超期增加）
3,p95_delta_us,P95 预取超期量,main,U,-10196.72786025639,us,退化（超期增加）
3,p95_delta_us,P95 预取超期量,main,E,207860.97750897435,us,退化（超期增加）
3,p95_delta_us,P95 预取超期量,second_order,C:U,-4944.710351282032,us,退化（超期增加）
3,p95_delta_us,P95 预取超期量,second_order,C:E,1714.3872487179178,us,退化（超期增加）
3,p95_delta_us,P95 预取超期量,second_order,U:E,-21245.174679487187,us,退化（超期增加）
3,p95_delta_us,P95 预取超期量,third_order,C:U:E,-8905.331297435914,us,退化（超期增加）
3,worst_delta_us,最坏预取超期量,main,C,12857.254400000078,us,退化（超期增加）
3,worst_delta_us,最坏预取超期量,main,U,46547.020799999984,us,退化（超期增加）
3,worst_delta_us,最坏预取超期量,main,E,359079.16799999995,us,退化（超期增加）
3,worst_delta_us,最坏预取超期量,second_order,C:U,3215.9232000000193,us,退化（超期增加）
3,worst_delta_us,最坏预取超期量,second_order,C:E,19803.033600000053,us,退化（超期增加）
3,worst_delta_us,最坏预取超期量,second_order,U:E,92927.61600000004,us,退化（超期增加）
3,worst_delta_us,最坏预取超期量,third_order,C:U:E,6098.995199999888,us,退化（超期增加）
3,mean_actual_read_us,平均实际读取时间,main,C,1582.8738547525754,us,退化（时间变长）
3,mean_actual_read_us,平均实际读取时间,main,U,-1469.5460601964478,us,退化（时间变长）
3,mean_actual_read_us,平均实际读取时间,main,E,-28657.933808548714,us,退化（时间变长）
3,mean_actual_read_us,平均实际读取时间,second_order,C:U,-617.2597873495906,us,退化（时间变长）
3,mean_actual_read_us,平均实际读取时间,second_order,C:E,-2026.6110718347918,us,退化（时间变长）
3,mean_actual_read_us,平均实际读取时间,second_order,U:E,1778.5990609476066,us,退化（时间变长）
3,mean_actual_read_us,平均实际读取时间,third_order,C:U:E,-1415.137537380142,us,退化（时间变长）
4,mean_gpu_utilization_percent,平均 GPU 利用率,main,C,-0.3746048904695698,pp,改善
4,mean_gpu_utilization_percent,平均 GPU 利用率,main,U,3.332566504374647,pp,改善
4,mean_gpu_utilization_percent,平均 GPU 利用率,main,E,8.395741003311885,pp,改善
4,mean_gpu_utilization_percent,平均 GPU 利用率,second_order,C:U,0.9739709410571464,pp,改善
4,mean_gpu_utilization_percent,平均 GPU 利用率,second_order,C:E,1.4461660124261186,pp,改善
4,mean_gpu_utilization_percent,平均 GPU 利用率,second_order,U:E,2.655076378400672,pp,改善
4,mean_gpu_utilization_percent,平均 GPU 利用率,third_order,C:U:E,1.6861469363186217,pp,改善
4,min_gpu_utilization_percent,最低 GPU 利用率,main,C,-0.25049640337131973,pp,改善
4,min_gpu_utilization_percent,最低 GPU 利用率,main,U,-2.156009100524011,pp,改善
4,min_gpu_utilization_percent,最低 GPU 利用率,main,E,2.0147483548258025,pp,改善
4,min_gpu_utilization_percent,最低 GPU 利用率,second_order,C:U,0.1750217641045828,pp,改善
4,min_gpu_utilization_percent,最低 GPU 利用率,second_order,C:E,-0.24186048289730788,pp,改善
4,min_gpu_utilization_percent,最低 GPU 利用率,second_order,U:E,-3.5766983983696248,pp,改善
4,min_gpu_utilization_percent,最低 GPU 利用率,third_order,C:U:E,0.281649008374945,pp,改善
4,p95_gpu_utilization_percent,P95 GPU 利用率,main,C,0.4700200829767027,pp,改善
4,p95_gpu_utilization_percent,P95 GPU 利用率,main,U,0.915642865064882,pp,改善
4,p95_gpu_utilization_percent,P95 GPU 利用率,main,E,0.4061890248787705,pp,改善
4,p95_gpu_utilization_percent,P95 GPU 利用率,second_order,C:U,1.0736412565327385,pp,改善
4,p95_gpu_utilization_percent,P95 GPU 利用率,second_order,C:E,0.7344318605996989,pp,改善
4,p95_gpu_utilization_percent,P95 GPU 利用率,second_order,U:E,-0.3703332106548345,pp,改善
4,p95_gpu_utilization_percent,P95 GPU 利用率,third_order,C:U:E,0.821767223148612,pp,改善
4,max_gpu_utilization_percent,最高 GPU 利用率,main,C,0.11826096434656819,pp,改善
4,max_gpu_utilization_percent,最高 GPU 利用率,main,U,-0.1264260723138051,pp,改善
4,max_gpu_utilization_percent,最高 GPU 利用率,main,E,-0.07428643855002903,pp,改善
4,max_gpu_utilization_percent,最高 GPU 利用率,second_order,C:U,0.2504711520285099,pp,改善
4,max_gpu_utilization_percent,最高 GPU 利用率,second_order,C:E,0.03140883579246889,pp,改善
4,max_gpu_utilization_percent,最高 GPU 利用率,second_order,U:E,-0.10298202114275767,pp,改善
4,max_gpu_utilization_percent,最高 GPU 利用率,third_order,C:U:E,0.09071611825562798,pp,改善
4,mean_ttft_us,平均 TTFT,main,C,5972.421552193584,us,退化（时间变长）
4,mean_ttft_us,平均 TTFT,main,U,-19746.78258051898,us,退化（时间变长）
4,mean_ttft_us,平均 TTFT,main,E,-47682.417666135734,us,退化（时间变长）
4,mean_ttft_us,平均 TTFT,second_order,C:U,-3297.079277544224,us,退化（时间变长）
4,mean_ttft_us,平均 TTFT,second_order,C:E,-7053.362589643337,us,退化（时间变长）
4,mean_ttft_us,平均 TTFT,second_order,U:E,-23649.93775162287,us,退化（时间变长）
4,mean_ttft_us,平均 TTFT,third_order,C:U:E,-5191.437466225936,us,退化（时间变长）
4,p95_ttft_us,P95 TTFT,main,C,-353.87416923075216,us,退化（时间变长）
4,p95_ttft_us,P95 TTFT,main,U,-47429.35313333344,us,退化（时间变长）
4,p95_ttft_us,P95 TTFT,main,E,65692.37324615382,us,退化（时间变长）
4,p95_ttft_us,P95 TTFT,second_order,C:U,-9225.22673846141,us,退化（时间变长）
4,p95_ttft_us,P95 TTFT,second_order,C:E,3349.6867794871796,us,退化（时间变长）
4,p95_ttft_us,P95 TTFT,second_order,U:E,-129679.50778461539,us,退化（时间变长）
4,p95_ttft_us,P95 TTFT,third_order,C:U:E,-9288.850441025803,us,退化（时间变长）
4,max_ttft_us,Max TTFT,main,C,657.1679038461589,us,退化（时间变长）
4,max_ttft_us,Max TTFT,main,U,-113146.15542948723,us,退化（时间变长）
4,max_ttft_us,Max TTFT,main,E,101320.23546282045,us,退化（时间变长）
4,max_ttft_us,Max TTFT,second_order,C:U,-11054.688192307658,us,退化（时间变长）
4,max_ttft_us,Max TTFT,second_order,C:E,4701.190207692212,us,退化（时间变长）
4,max_ttft_us,Max TTFT,second_order,U:E,-202351.51131025632,us,退化（时间变长）
4,max_ttft_us,Max TTFT,third_order,C:U:E,-8824.46118461527,us,退化（时间变长）
4,late_gpu_layer_count,逾期 GPU layer 数,main,C,-35.5,count,退化（数量增加）
4,late_gpu_layer_count,逾期 GPU layer 数,main,U,42.5,count,退化（数量增加）
4,late_gpu_layer_count,逾期 GPU layer 数,main,E,-103.0,count,退化（数量增加）
4,late_gpu_layer_count,逾期 GPU layer 数,second_order,C:U,-43.0,count,退化（数量增加）
4,late_gpu_layer_count,逾期 GPU layer 数,second_order,C:E,-96.0,count,退化（数量增加）
4,late_gpu_layer_count,逾期 GPU layer 数,second_order,U:E,94.0,count,退化（数量增加）
4,late_gpu_layer_count,逾期 GPU layer 数,third_order,C:U:E,-100.0,count,退化（数量增加）
4,p95_delta_us,P95 预取超期量,main,C,34676.924707692306,us,退化（超期增加）
4,p95_delta_us,P95 预取超期量,main,U,-39472.490266666675,us,退化（超期增加）
4,p95_delta_us,P95 预取超期量,main,E,92624.02985384615,us,退化（超期增加）
4,p95_delta_us,P95 预取超期量,second_order,C:U,58142.83834358974,us,退化（超期增加）
4,p95_delta_us,P95 预取超期量,second_order,C:E,61847.481784615375,us,退化（超期增加）
4,p95_delta_us,P95 预取超期量,second_order,U:E,-77158.28986666669,us,退化（超期增加）
4,p95_delta_us,P95 预取超期量,third_order,C:U:E,113836.20491282054,us,退化（超期增加）
4,worst_delta_us,最坏预取超期量,main,C,10663.795200000008,us,退化（超期增加）
4,worst_delta_us,最坏预取超期量,main,U,39133.78560000001,us,退化（超期增加）
4,worst_delta_us,最坏预取超期量,main,E,251729.088,us,退化（超期增加）
4,worst_delta_us,最坏预取超期量,second_order,C:U,7208.524800000043,us,退化（超期增加）
4,worst_delta_us,最坏预取超期量,second_order,C:E,17457.945600000006,us,退化（超期增加）
4,worst_delta_us,最坏预取超期量,second_order,U:E,78761.49760000003,us,退化（超期增加）
4,worst_delta_us,最坏预取超期量,third_order,C:U:E,15404.902399999963,us,退化（超期增加）
4,mean_actual_read_us,平均实际读取时间,main,C,2243.546207103911,us,退化（时间变长）
4,mean_actual_read_us,平均实际读取时间,main,U,1136.5530318034398,us,退化（时间变长）
4,mean_actual_read_us,平均实际读取时间,main,E,-13403.144403758433,us,退化（时间变长）
4,mean_actual_read_us,平均实际读取时间,second_order,C:U,-749.0889942759604,us,退化（时间变长）
4,mean_actual_read_us,平均实际读取时间,second_order,C:E,-2695.4390490135484,us,退化（时间变长）
4,mean_actual_read_us,平均实际读取时间,second_order,U:E,5419.263203170027,us,退化（时间变长）
4,mean_actual_read_us,平均实际读取时间,third_order,C:U:E,-2293.2611354261317,us,退化（时间变长）
5,mean_gpu_utilization_percent,平均 GPU 利用率,main,C,-0.28868109521992835,pp,改善
5,mean_gpu_utilization_percent,平均 GPU 利用率,main,U,2.6662643937780857,pp,改善
5,mean_gpu_utilization_percent,平均 GPU 利用率,main,E,5.656569219290496,pp,改善
5,mean_gpu_utilization_percent,平均 GPU 利用率,second_order,C:U,1.030574004580231,pp,改善
5,mean_gpu_utilization_percent,平均 GPU 利用率,second_order,C:E,0.927387828880569,pp,改善
5,mean_gpu_utilization_percent,平均 GPU 利用率,second_order,U:E,1.6912482734850727,pp,改善
5,mean_gpu_utilization_percent,平均 GPU 利用率,third_order,C:U:E,1.108120216492864,pp,改善
5,min_gpu_utilization_percent,最低 GPU 利用率,main,C,-0.27152914015547314,pp,改善
5,min_gpu_utilization_percent,最低 GPU 利用率,main,U,-3.287788350157316,pp,改善
5,min_gpu_utilization_percent,最低 GPU 利用率,main,E,3.2321393030294177,pp,改善
5,min_gpu_utilization_percent,最低 GPU 利用率,second_order,C:U,-0.14638888468985378,pp,改善
5,min_gpu_utilization_percent,最低 GPU 利用率,second_order,C:E,-0.12059380878899795,pp,改善
5,min_gpu_utilization_percent,最低 GPU 利用率,second_order,U:E,-5.481866767219783,pp,改善
5,min_gpu_utilization_percent,最低 GPU 利用率,third_order,C:U:E,-0.32521066716060787,pp,改善
5,p95_gpu_utilization_percent,P95 GPU 利用率,main,C,0.45506960543709596,pp,改善
5,p95_gpu_utilization_percent,P95 GPU 利用率,main,U,0.7333140251709764,pp,改善
5,p95_gpu_utilization_percent,P95 GPU 利用率,main,E,-0.06968239991427083,pp,改善
5,p95_gpu_utilization_percent,P95 GPU 利用率,second_order,C:U,0.7378288975707363,pp,改善
5,p95_gpu_utilization_percent,P95 GPU 利用率,second_order,C:E,0.48622002775969975,pp,改善
5,p95_gpu_utilization_percent,P95 GPU 利用率,second_order,U:E,-0.24172264719331338,pp,改善
5,p95_gpu_utilization_percent,P95 GPU 利用率,third_order,C:U:E,0.3466599603981706,pp,改善
5,max_gpu_utilization_percent,最高 GPU 利用率,main,C,0.17265452006612492,pp,改善
5,max_gpu_utilization_percent,最高 GPU 利用率,main,U,-0.019321531846635764,pp,改善
5,max_gpu_utilization_percent,最高 GPU 利用率,main,E,-0.10730098262818188,pp,改善
5,max_gpu_utilization_percent,最高 GPU 利用率,second_order,C:U,0.4075570974996481,pp,改善
5,max_gpu_utilization_percent,最高 GPU 利用率,second_order,C:E,0.13374148472064462,pp,改善
5,max_gpu_utilization_percent,最高 GPU 利用率,second_order,U:E,-0.11512906155232372,pp,改善
5,max_gpu_utilization_percent,最高 GPU 利用率,third_order,C:U:E,0.39197908417608573,pp,改善
5,mean_ttft_us,平均 TTFT,main,C,3646.4252662460203,us,退化（时间变长）
5,mean_ttft_us,平均 TTFT,main,U,-15371.705976783065,us,退化（时间变长）
5,mean_ttft_us,平均 TTFT,main,E,-26143.562721093578,us,退化（时间变长）
5,mean_ttft_us,平均 TTFT,second_order,C:U,-3797.945270432625,us,退化（时间变长）
5,mean_ttft_us,平均 TTFT,second_order,C:E,-4124.0143591345695,us,退化（时间变长）
5,mean_ttft_us,平均 TTFT,second_order,U:E,-17449.51348798073,us,退化（时间变长）
5,mean_ttft_us,平均 TTFT,third_order,C:U:E,-3625.855222996848,us,退化（时间变长）
5,p95_ttft_us,P95 TTFT,main,C,1461.1135999999242,us,退化（时间变长）
5,p95_ttft_us,P95 TTFT,main,U,-24023.44596923073,us,退化（时间变长）
5,p95_ttft_us,P95 TTFT,main,E,35226.06996923074,us,退化（时间变长）
5,p95_ttft_us,P95 TTFT,second_order,C:U,-11432.742399999872,us,退化（时间变长）
5,p95_ttft_us,P95 TTFT,second_order,C:E,6663.283199999947,us,退化（时间变长）
5,p95_ttft_us,P95 TTFT,second_order,U:E,-70452.13993846148,us,退化（时间变长）
5,p95_ttft_us,P95 TTFT,third_order,C:U:E,-13326.566399999894,us,退化（时间变长）
5,max_ttft_us,Max TTFT,main,C,-2348.7296000000206,us,退化（时间变长）
5,max_ttft_us,Max TTFT,main,U,-60013.79392564105,us,退化（时间变长）
5,max_ttft_us,Max TTFT,main,E,56201.473766666575,us,退化（时间变长）
5,max_ttft_us,Max TTFT,second_order,C:U,-11180.300799999968,us,退化（时间变长）
5,max_ttft_us,Max TTFT,second_order,C:E,1091.801599999948,us,退化（时间变长）
5,max_ttft_us,Max TTFT,second_order,U:E,-109581.93070256402,us,退化（时间变长）
5,max_ttft_us,Max TTFT,third_order,C:U:E,-3672.7552000001306,us,退化（时间变长）
5,late_gpu_layer_count,逾期 GPU layer 数,main,C,-25.0,count,退化（数量增加）
5,late_gpu_layer_count,逾期 GPU layer 数,main,U,19.5,count,退化（数量增加）
5,late_gpu_layer_count,逾期 GPU layer 数,main,E,-47.0,count,退化（数量增加）
5,late_gpu_layer_count,逾期 GPU layer 数,second_order,C:U,-31.0,count,退化（数量增加）
5,late_gpu_layer_count,逾期 GPU layer 数,second_order,C:E,-92.0,count,退化（数量增加）
5,late_gpu_layer_count,逾期 GPU layer 数,second_order,U:E,51.0,count,退化（数量增加）
5,late_gpu_layer_count,逾期 GPU layer 数,third_order,C:U:E,-90.0,count,退化（数量增加）
5,p95_delta_us,P95 预取超期量,main,C,2999.014399999989,us,退化（超期增加）
5,p95_delta_us,P95 预取超期量,main,U,-47340.812799999985,us,退化（超期增加）
5,p95_delta_us,P95 预取超期量,main,E,38626.20972051282,us,退化（超期增加）
5,p95_delta_us,P95 预取超期量,second_order,C:U,-3594.6333589743663,us,退化（超期增加）
5,p95_delta_us,P95 预取超期量,second_order,C:E,2094.9760000000024,us,退化（超期增加）
5,p95_delta_us,P95 预取超期量,second_order,U:E,-91801.4976,us,退化（超期增加）
5,p95_delta_us,P95 预取超期量,third_order,C:U:E,-5208.966882051303,us,退化（超期增加）
5,worst_delta_us,最坏预取超期量,main,C,14679.244799999957,us,退化（超期增加）
5,worst_delta_us,最坏预取超期量,main,U,32728.320000000007,us,退化（超期增加）
5,worst_delta_us,最坏预取超期量,main,E,176089.19040000002,us,退化（超期增加）
5,worst_delta_us,最坏预取超期量,second_order,C:U,3009.7407999999705,us,退化（超期增加）
5,worst_delta_us,最坏预取超期量,second_order,C:E,24067.379199999938,us,退化（超期增加）
5,worst_delta_us,最坏预取超期量,second_order,U:E,65980.56959999999,us,退化（超期增加）
5,worst_delta_us,最坏预取超期量,third_order,C:U:E,7067.340800000005,us,退化（超期增加）
5,mean_actual_read_us,平均实际读取时间,main,C,2538.229558375868,us,退化（时间变长）
5,mean_actual_read_us,平均实际读取时间,main,U,1628.3628814828844,us,退化（时间变长）
5,mean_actual_read_us,平均实际读取时间,main,E,-4162.041646707206,us,退化（时间变长）
5,mean_actual_read_us,平均实际读取时间,second_order,C:U,-243.77282761919923,us,退化（时间变长）
5,mean_actual_read_us,平均实际读取时间,second_order,C:E,-1903.5868801532924,us,退化（时间变长）
5,mean_actual_read_us,平均实际读取时间,second_order,U:E,6935.365500716085,us,退化（时间变长）
5,mean_actual_read_us,平均实际读取时间,third_order,C:U:E,-1652.0173005708202,us,退化（时间变长）
6,mean_gpu_utilization_percent,平均 GPU 利用率,main,C,0.024542365023581425,pp,改善
6,mean_gpu_utilization_percent,平均 GPU 利用率,main,U,1.460105535354348,pp,改善
6,mean_gpu_utilization_percent,平均 GPU 利用率,main,E,4.181230093295763,pp,改善
6,mean_gpu_utilization_percent,平均 GPU 利用率,second_order,C:U,1.7119568480180831,pp,改善
6,mean_gpu_utilization_percent,平均 GPU 利用率,second_order,C:E,1.284584557407932,pp,改善
6,mean_gpu_utilization_percent,平均 GPU 利用率,second_order,U:E,-0.09033761794697881,pp,改善
6,mean_gpu_utilization_percent,平均 GPU 利用率,third_order,C:U:E,2.1924868001931515,pp,改善
6,min_gpu_utilization_percent,最低 GPU 利用率,main,C,-0.6153057213816466,pp,改善
6,min_gpu_utilization_percent,最低 GPU 利用率,main,U,-4.479871626649054,pp,改善
6,min_gpu_utilization_percent,最低 GPU 利用率,main,E,5.335159501949025,pp,改善
6,min_gpu_utilization_percent,最低 GPU 利用率,second_order,C:U,-0.25355301636391303,pp,改善
6,min_gpu_utilization_percent,最低 GPU 利用率,second_order,C:E,-0.3595740753790233,pp,改善
6,min_gpu_utilization_percent,最低 GPU 利用率,second_order,U:E,-7.733987704446648,pp,改善
6,min_gpu_utilization_percent,最低 GPU 利用率,third_order,C:U:E,-0.2794880372329285,pp,改善
6,p95_gpu_utilization_percent,P95 GPU 利用率,main,C,0.57961364431603,pp,改善
6,p95_gpu_utilization_percent,P95 GPU 利用率,main,U,0.3865267224053319,pp,改善
6,p95_gpu_utilization_percent,P95 GPU 利用率,main,E,-0.3313234848210307,pp,改善
6,p95_gpu_utilization_percent,P95 GPU 利用率,second_order,C:U,1.2755774724424427,pp,改善
6,p95_gpu_utilization_percent,P95 GPU 利用率,second_order,C:E,0.49055764384623757,pp,改善
6,p95_gpu_utilization_percent,P95 GPU 利用率,second_order,U:E,-0.6345037226247072,pp,改善
6,p95_gpu_utilization_percent,P95 GPU 利用率,third_order,C:U:E,0.9425074066067651,pp,改善
6,max_gpu_utilization_percent,最高 GPU 利用率,main,C,0.5215379004848266,pp,改善
6,max_gpu_utilization_percent,最高 GPU 利用率,main,U,-0.48182501488059515,pp,改善
6,max_gpu_utilization_percent,最高 GPU 利用率,main,E,-0.5775726765339755,pp,改善
6,max_gpu_utilization_percent,最高 GPU 利用率,second_order,C:U,0.935201795140479,pp,改善
6,max_gpu_utilization_percent,最高 GPU 利用率,second_order,C:E,0.9004200084799123,pp,改善
6,max_gpu_utilization_percent,最高 GPU 利用率,second_order,U:E,-1.0365423580952893,pp,改善
6,max_gpu_utilization_percent,最高 GPU 利用率,third_order,C:U:E,1.5636340270145013,pp,改善
6,mean_ttft_us,平均 TTFT,main,C,2029.0312688001286,us,退化（时间变长）
6,mean_ttft_us,平均 TTFT,main,U,-10536.658616516288,us,退化（时间变长）
6,mean_ttft_us,平均 TTFT,main,E,-16025.467273848102,us,退化（时间变长）
6,mean_ttft_us,平均 TTFT,second_order,C:U,-5613.545398778137,us,退化（时间变长）
6,mean_ttft_us,平均 TTFT,second_order,C:E,-4999.843267848541,us,退化（时间变长）
6,mean_ttft_us,平均 TTFT,second_order,U:E,-9607.475408272992,us,退化（时间变长）
6,mean_ttft_us,平均 TTFT,third_order,C:U:E,-7036.489322395413,us,退化（时间变长）
6,p95_ttft_us,P95 TTFT,main,C,2101.870666666713,us,退化（时间变长）
6,p95_ttft_us,P95 TTFT,main,U,-5605.1984615384135,us,退化（时间变长）
6,p95_ttft_us,P95 TTFT,main,E,19109.776676923153,us,退化（时间变长）
6,p95_ttft_us,P95 TTFT,second_order,C:U,-8228.02826666669,us,退化（时间变长）
6,p95_ttft_us,P95 TTFT,second_order,C:E,7642.154133333359,us,退化（时间变长）
6,p95_ttft_us,P95 TTFT,second_order,U:E,-34678.78428717959,us,退化（时间变长）
6,p95_ttft_us,P95 TTFT,third_order,C:U:E,-8202.77013333328,us,退化（时间变长）
6,max_ttft_us,Max TTFT,main,C,500.3135999999067,us,退化（时间变长）
6,max_ttft_us,Max TTFT,main,U,-31704.757125641074,us,退化（时间变长）
6,max_ttft_us,Max TTFT,main,E,34421.537766666646,us,退化（时间变长）
6,max_ttft_us,Max TTFT,second_order,C:U,-7950.873599999759,us,退化（时间变长）
6,max_ttft_us,Max TTFT,second_order,C:E,5101.235199999937,us,退化（时间变长）
6,max_ttft_us,Max TTFT,second_order,U:E,-62581.44430256396,us,退化（时间变长）
6,max_ttft_us,Max TTFT,third_order,C:U:E,321.07520000019576,us,退化（时间变长）
6,late_gpu_layer_count,逾期 GPU layer 数,main,C,-3.75,count,退化（数量增加）
6,late_gpu_layer_count,逾期 GPU layer 数,main,U,41.25,count,退化（数量增加）
6,late_gpu_layer_count,逾期 GPU layer 数,main,E,8.25,count,退化（数量增加）
6,late_gpu_layer_count,逾期 GPU layer 数,second_order,C:U,-7.5,count,退化（数量增加）
6,late_gpu_layer_count,逾期 GPU layer 数,second_order,C:E,-35.5,count,退化（数量增加）
6,late_gpu_layer_count,逾期 GPU layer 数,second_order,U:E,86.5,count,退化（数量增加）
6,late_gpu_layer_count,逾期 GPU layer 数,third_order,C:U:E,-31.0,count,退化（数量增加）
6,p95_delta_us,P95 预取超期量,main,C,2660.8676551282097,us,退化（超期增加）
6,p95_delta_us,P95 预取超期量,main,U,-32931.05062948717,us,退化（超期增加）
6,p95_delta_us,P95 预取超期量,main,E,26654.6468551282,us,退化（超期增加）
6,p95_delta_us,P95 预取超期量,second_order,C:U,-2584.2347410256443,us,退化（超期增加）
6,p95_delta_us,P95 预取超期量,second_order,C:E,-12.78171025640404,us,退化（超期增加）
6,p95_delta_us,P95 预取超期量,second_order,U:E,-62769.01554102563,us,退化（超期增加）
6,p95_delta_us,P95 预取超期量,third_order,C:U:E,-3823.6329179487147,us,退化（超期增加）
6,worst_delta_us,最坏预取超期量,main,C,14063.903999999988,us,退化（超期增加）
6,worst_delta_us,最坏预取超期量,main,U,17778.937600000005,us,退化（超期增加）
6,worst_delta_us,最坏预取超期量,main,E,109272.0192,us,退化（超期增加）
6,worst_delta_us,最坏预取超期量,second_order,C:U,13228.812800000014,us,退化（超期增加）
6,worst_delta_us,最坏预取超期量,second_order,C:E,22415.961599999995,us,退化（超期增加）
6,worst_delta_us,最坏预取超期量,second_order,U:E,35644.5312,us,退化（超期增加）
6,worst_delta_us,最坏预取超期量,third_order,C:U:E,26630.937600000005,us,退化（超期增加）
6,mean_actual_read_us,平均实际读取时间,main,C,3466.177902333735,us,退化（时间变长）
6,mean_actual_read_us,平均实际读取时间,main,U,1998.5215055589088,us,退化（时间变长）
6,mean_actual_read_us,平均实际读取时间,main,E,892.4615815254256,us,退化（时间变长）
6,mean_actual_read_us,平均实际读取时间,second_order,C:U,635.779121514428,us,退化（时间变长）
6,mean_actual_read_us,平均实际读取时间,second_order,C:E,-1386.11924295863,us,退化（时间变长）
6,mean_actual_read_us,平均实际读取时间,second_order,U:E,7103.45478815111,us,退化（时间变长）
6,mean_actual_read_us,平均实际读取时间,third_order,C:U:E,-664.7885516227107,us,退化（时间变长）
7,mean_gpu_utilization_percent,平均 GPU 利用率,main,C,0.04222907195809,pp,改善
7,mean_gpu_utilization_percent,平均 GPU 利用率,main,U,1.27453841016235,pp,改善
7,mean_gpu_utilization_percent,平均 GPU 利用率,main,E,4.209207588105766,pp,改善
7,mean_gpu_utilization_percent,平均 GPU 利用率,second_order,C:U,1.6126039794168037,pp,改善
7,mean_gpu_utilization_percent,平均 GPU 利用率,second_order,C:E,0.9613950632219357,pp,改善
7,mean_gpu_utilization_percent,平均 GPU 利用率,second_order,U:E,0.13993978596739254,pp,改善
7,mean_gpu_utilization_percent,平均 GPU 利用率,third_order,C:U:E,1.6570861546247357,pp,改善
7,min_gpu_utilization_percent,最低 GPU 利用率,main,C,-0.5843087697291187,pp,改善
7,min_gpu_utilization_percent,最低 GPU 利用率,main,U,-5.136190313721563,pp,改善
7,min_gpu_utilization_percent,最低 GPU 利用率,main,E,6.8404278145801864,pp,改善
7,min_gpu_utilization_percent,最低 GPU 利用率,second_order,C:U,0.07285179682665444,pp,改善
7,min_gpu_utilization_percent,最低 GPU 利用率,second_order,C:E,-0.2822544947659633,pp,改善
7,min_gpu_utilization_percent,最低 GPU 利用率,second_order,U:E,-9.233780065363849,pp,改善
7,min_gpu_utilization_percent,最低 GPU 利用率,third_order,C:U:E,0.2595306525946697,pp,改善
7,p95_gpu_utilization_percent,P95 GPU 利用率,main,C,0.40263411109280867,pp,改善
7,p95_gpu_utilization_percent,P95 GPU 利用率,main,U,0.4956620012041668,pp,改善
7,p95_gpu_utilization_percent,P95 GPU 利用率,main,E,-0.3170561804713472,pp,改善
7,p95_gpu_utilization_percent,P95 GPU 利用率,second_order,C:U,0.8914738642178293,pp,改善
7,p95_gpu_utilization_percent,P95 GPU 利用率,second_order,C:E,0.2855236523704434,pp,改善
7,p95_gpu_utilization_percent,P95 GPU 利用率,second_order,U:E,-0.4028785125996279,pp,改善
7,p95_gpu_utilization_percent,P95 GPU 利用率,third_order,C:U:E,0.5915221347336228,pp,改善
7,max_gpu_utilization_percent,最高 GPU 利用率,main,C,0.2658729776641522,pp,改善
7,max_gpu_utilization_percent,最高 GPU 利用率,main,U,-0.2953325533491906,pp,改善
7,max_gpu_utilization_percent,最高 GPU 利用率,main,E,-0.34003279999619096,pp,改善
7,max_gpu_utilization_percent,最高 GPU 利用率,second_order,C:U,0.5317459553283044,pp,改善
7,max_gpu_utilization_percent,最高 GPU 利用率,second_order,C:E,0.41119774415297883,pp,改善
7,max_gpu_utilization_percent,最高 GPU 利用率,second_order,U:E,-0.6800655999923819,pp,改善
7,max_gpu_utilization_percent,最高 GPU 利用率,third_order,C:U:E,0.8223954883059577,pp,改善
7,mean_ttft_us,平均 TTFT,main,C,1177.1689288263733,us,退化（时间变长）
7,mean_ttft_us,平均 TTFT,main,U,-9226.727576582518,us,退化（时间变长）
7,mean_ttft_us,平均 TTFT,main,E,-12970.032435276473,us,退化（时间变长）
7,mean_ttft_us,平均 TTFT,second_order,C:U,-5403.209453966352,us,退化（时间变长）
7,mean_ttft_us,平均 TTFT,second_order,C:E,-3093.4047156651795,us,退化（时间变长）
7,mean_ttft_us,平均 TTFT,second_order,U:E,-8593.285127764597,us,退化（时间变长）
7,mean_ttft_us,平均 TTFT,third_order,C:U:E,-4780.398400400474,us,退化（时间变长）
7,p95_ttft_us,P95 TTFT,main,C,-1702.1951999999,us,退化（时间变长）
7,p95_ttft_us,P95 TTFT,main,U,6384.706871794886,us,退化（时间变长）
7,p95_ttft_us,P95 TTFT,main,E,4284.347610256431,us,退化（时间变长）
7,p95_ttft_us,P95 TTFT,second_order,C:U,-10294.22080000001,us,退化（时间变长）
7,p95_ttft_us,P95 TTFT,second_order,C:E,3302.1183999999776,us,退化（时间变长）
7,p95_ttft_us,P95 TTFT,second_order,U:E,-8568.695220512862,us,退化（时间变长）
7,p95_ttft_us,P95 TTFT,third_order,C:U:E,-6604.236799999955,us,退化（时间变长）
7,max_ttft_us,Max TTFT,main,C,-484.364799999923,us,退化（时间变长）
7,max_ttft_us,Max TTFT,main,U,-13048.65784615383,us,退化（时间变长）
7,max_ttft_us,Max TTFT,main,E,17802.757046153827,us,退化（时间变长）
7,max_ttft_us,Max TTFT,second_order,C:U,-9180.134399999864,us,退化（时间变长）
7,max_ttft_us,Max TTFT,second_order,C:E,3748.7360000000335,us,退化（时间变长）
7,max_ttft_us,Max TTFT,second_order,U:E,-35605.514092307654,us,退化（时间变长）
7,max_ttft_us,Max TTFT,third_order,C:U:E,-7497.472000000067,us,退化（时间变长）
7,late_gpu_layer_count,逾期 GPU layer 数,main,C,-13.25,count,退化（数量增加）
7,late_gpu_layer_count,逾期 GPU layer 数,main,U,21.25,count,退化（数量增加）
7,late_gpu_layer_count,逾期 GPU layer 数,main,E,8.25,count,退化（数量增加）
7,late_gpu_layer_count,逾期 GPU layer 数,second_order,C:U,-7.5,count,退化（数量增加）
7,late_gpu_layer_count,逾期 GPU layer 数,second_order,C:E,-43.5,count,退化（数量增加）
7,late_gpu_layer_count,逾期 GPU layer 数,second_order,U:E,59.5,count,退化（数量增加）
7,late_gpu_layer_count,逾期 GPU layer 数,third_order,C:U:E,-29.0,count,退化（数量增加）
7,p95_delta_us,P95 预取超期量,main,C,3545.677176923069,us,退化（超期增加）
7,p95_delta_us,P95 预取超期量,main,U,-21564.7735948718,us,退化（超期增加）
7,p95_delta_us,P95 预取超期量,main,E,16770.875697435895,us,退化（超期增加）
7,p95_delta_us,P95 预取超期量,second_order,C:U,-7661.425369230768,us,退化（超期增加）
7,p95_delta_us,P95 预取超期量,second_order,C:E,3213.132046153856,us,退化（超期增加）
7,p95_delta_us,P95 预取超期量,second_order,U:E,-42932.6608102564,us,退化（超期增加）
7,p95_delta_us,P95 预取超期量,third_order,C:U:E,-11458.486861538462,us,退化（超期增加）
7,worst_delta_us,最坏预取超期量,main,C,7845.049600000006,us,退化（超期增加）
7,worst_delta_us,最坏预取超期量,main,U,10638.035200000002,us,退化（超期增加）
7,worst_delta_us,最坏预取超期量,main,E,82241.888,us,退化（超期增加）
7,worst_delta_us,最坏预取超期量,second_order,C:U,3157.952000000005,us,退化（超期增加）
7,worst_delta_us,最坏预取超期量,second_order,C:E,10577.676800000001,us,退化（超期增加）
7,worst_delta_us,最坏预取超期量,second_order,U:E,21607.744,us,退化（超期增加）
7,worst_delta_us,最坏预取超期量,third_order,C:U:E,7031.987200000003,us,退化（超期增加）
7,mean_actual_read_us,平均实际读取时间,main,C,3259.1597581830883,us,退化（时间变长）
7,mean_actual_read_us,平均实际读取时间,main,U,1407.4844736628675,us,退化（时间变长）
7,mean_actual_read_us,平均实际读取时间,main,E,3402.774532481977,us,退化（时间变长）
7,mean_actual_read_us,平均实际读取时间,second_order,C:U,1127.1321382712085,us,退化（时间变长）
7,mean_actual_read_us,平均实际读取时间,second_order,C:E,-1054.2324191506195,us,退化（时间变长）
7,mean_actual_read_us,平均实际读取时间,second_order,U:E,5731.112405959495,us,退化（时间变长）
7,mean_actual_read_us,平均实际读取时间,third_order,C:U:E,-185.76432698337885,us,退化（时间变长）
8,mean_gpu_utilization_percent,平均 GPU 利用率,main,C,-0.1606408617128423,pp,改善
8,mean_gpu_utilization_percent,平均 GPU 利用率,main,U,0.8882181717590854,pp,改善
8,mean_gpu_utilization_percent,平均 GPU 利用率,main,E,3.991810898998228,pp,改善
8,mean_gpu_utilization_percent,平均 GPU 利用率,second_order,C:U,1.4358832890995785,pp,改善
8,mean_gpu_utilization_percent,平均 GPU 利用率,second_order,C:E,0.8971464987375484,pp,改善
8,mean_gpu_utilization_percent,平均 GPU 利用率,second_order,U:E,-0.13433196995568863,pp,改善
8,mean_gpu_utilization_percent,平均 GPU 利用率,third_order,C:U:E,1.2928636938708422,pp,改善
8,min_gpu_utilization_percent,最低 GPU 利用率,main,C,-3.4748595980462196,pp,改善
8,min_gpu_utilization_percent,最低 GPU 利用率,main,U,-3.389389653967776,pp,改善
8,min_gpu_utilization_percent,最低 GPU 利用率,main,E,10.072285695388786,pp,改善
8,min_gpu_utilization_percent,最低 GPU 利用率,second_order,C:U,-4.434042847561902,pp,改善
8,min_gpu_utilization_percent,最低 GPU 利用率,second_order,C:E,-5.525397652789249,pp,改善
8,min_gpu_utilization_percent,最低 GPU 利用率,second_order,U:E,-5.682759517033314,pp,改善
8,min_gpu_utilization_percent,最低 GPU 利用率,third_order,C:U:E,-8.670867589427969,pp,改善
8,p95_gpu_utilization_percent,P95 GPU 利用率,main,C,0.33832225245274117,pp,改善
8,p95_gpu_utilization_percent,P95 GPU 利用率,main,U,0.3564649663419388,pp,改善
8,p95_gpu_utilization_percent,P95 GPU 利用率,main,E,-0.12337240708741959,pp,改善
8,p95_gpu_utilization_percent,P95 GPU 利用率,second_order,C:U,0.8949435865067983,pp,改善
8,p95_gpu_utilization_percent,P95 GPU 利用率,second_order,C:E,0.02035319840791061,pp,改善
8,p95_gpu_utilization_percent,P95 GPU 利用率,second_order,U:E,-0.09652417348039677,pp,改善
8,p95_gpu_utilization_percent,P95 GPU 利用率,third_order,C:U:E,0.3164040030425639,pp,改善
8,max_gpu_utilization_percent,最高 GPU 利用率,main,C,0.15102699240514283,pp,改善
8,max_gpu_utilization_percent,最高 GPU 利用率,main,U,-0.16968839390043655,pp,改善
8,max_gpu_utilization_percent,最高 GPU 利用率,main,E,-0.11412828436583311,pp,改善
8,max_gpu_utilization_percent,最高 GPU 利用率,second_order,C:U,0.30205398481025725,pp,改善
8,max_gpu_utilization_percent,最高 GPU 利用率,second_order,C:E,0.032133057976182045,pp,改善
8,max_gpu_utilization_percent,最高 GPU 利用率,second_order,U:E,-0.22825656873166622,pp,改善
8,max_gpu_utilization_percent,最高 GPU 利用率,third_order,C:U:E,0.06426611595236409,pp,改善
8,mean_ttft_us,平均 TTFT,main,C,1457.096048167121,us,退化（时间变长）
8,mean_ttft_us,平均 TTFT,main,U,-7399.098187389871,us,退化（时间变长）
8,mean_ttft_us,平均 TTFT,main,E,-10334.618437249592,us,退化（时间变长）
8,mean_ttft_us,平均 TTFT,second_order,C:U,-4740.365008833993,us,退化（时间变长）
8,mean_ttft_us,平均 TTFT,second_order,C:E,-2772.044397896563,us,退化（时间变长）
8,mean_ttft_us,平均 TTFT,second_order,U:E,-6526.407029827824,us,退化（时间变长）
8,mean_ttft_us,平均 TTFT,third_order,C:U:E,-3367.294080649037,us,退化（时间变长）
8,p95_ttft_us,P95 TTFT,main,C,-1890.6367999999202,us,退化（时间变长）
8,p95_ttft_us,P95 TTFT,main,U,10769.29128205136,us,退化（时间变长）
8,p95_ttft_us,P95 TTFT,main,E,0.0,us,退化（时间变长）
8,p95_ttft_us,P95 TTFT,second_order,C:U,-4397.107199999969,us,退化（时间变长）
8,p95_ttft_us,P95 TTFT,second_order,C:E,0.0,us,退化（时间变长）
8,p95_ttft_us,P95 TTFT,second_order,U:E,0.0,us,退化（时间变长）
8,p95_ttft_us,P95 TTFT,third_order,C:U:E,0.0,us,退化（时间变长）
8,max_ttft_us,Max TTFT,main,C,2214.84799999994,us,退化（时间变长）
8,max_ttft_us,Max TTFT,main,U,-20.51064615388168,us,退化（时间变长）
8,max_ttft_us,Max TTFT,main,E,6421.598646153812,us,退化（时间变长）
8,max_ttft_us,Max TTFT,second_order,C:U,-10990.975999999908,us,退化（时间变长）
8,max_ttft_us,Max TTFT,second_order,C:E,7148.79999999993,us,退化（时间变长）
8,max_ttft_us,Max TTFT,second_order,U:E,-12843.197292307625,us,退化（时间变长）
8,max_ttft_us,Max TTFT,third_order,C:U:E,-14297.59999999986,us,退化（时间变长）
8,late_gpu_layer_count,逾期 GPU layer 数,main,C,-7.0,count,退化（数量增加）
8,late_gpu_layer_count,逾期 GPU layer 数,main,U,17.5,count,退化（数量增加）
8,late_gpu_layer_count,逾期 GPU layer 数,main,E,-1.5,count,退化（数量增加）
8,late_gpu_layer_count,逾期 GPU layer 数,second_order,C:U,-1.0,count,退化（数量增加）
8,late_gpu_layer_count,逾期 GPU layer 数,second_order,C:E,-27.0,count,退化（数量增加）
8,late_gpu_layer_count,逾期 GPU layer 数,second_order,U:E,40.0,count,退化（数量增加）
8,late_gpu_layer_count,逾期 GPU layer 数,third_order,C:U:E,-12.0,count,退化（数量增加）
8,p95_delta_us,P95 预取超期量,main,C,1640.5952794871828,us,退化（超期增加）
8,p95_delta_us,P95 预取超期量,main,U,-14727.628830769232,us,退化（超期增加）
8,p95_delta_us,P95 预取超期量,main,E,11649.236461538465,us,退化（超期增加）
8,p95_delta_us,P95 预取超期量,second_order,C:U,-4174.896774358993,us,退化（超期增加）
8,p95_delta_us,P95 预取超期量,second_order,C:E,195.36624102563292,us,退化（超期增加）
8,p95_delta_us,P95 预取超期量,second_order,U:E,-29004.620738461537,us,退化（超期增加）
8,p95_delta_us,P95 预取超期量,third_order,C:U:E,-5425.208051282047,us,退化（超期增加）
8,worst_delta_us,最坏预取超期量,main,C,23151.225599999998,us,退化（超期增加）
8,worst_delta_us,最坏预取超期量,main,U,-4013.9712,us,退化（超期增加）
8,worst_delta_us,最坏预取超期量,main,E,45017.376000000004,us,退化（超期增加）
8,worst_delta_us,最坏预取超期量,second_order,C:U,34154.86720000001,us,退化（超期增加）
8,worst_delta_us,最坏预取超期量,second_order,C:E,40964.7744,us,退化（超期增加）
8,worst_delta_us,最坏预取超期量,second_order,U:E,-8315.763199999987,us,退化（超期增加）
8,worst_delta_us,最坏预取超期量,third_order,C:U:E,68191.92320000002,us,退化（超期增加）
8,mean_actual_read_us,平均实际读取时间,main,C,3305.9532715870573,us,退化（时间变长）
8,mean_actual_read_us,平均实际读取时间,main,U,759.7771267553017,us,退化（时间变长）
8,mean_actual_read_us,平均实际读取时间,main,E,4405.098910283966,us,退化（时间变长）
8,mean_actual_read_us,平均实际读取时间,second_order,C:U,1092.8308911308086,us,退化（时间变长）
8,mean_actual_read_us,平均实际读取时间,second_order,C:E,-718.5959355418563,us,退化（时间变长）
8,mean_actual_read_us,平均实际读取时间,second_order,U:E,4504.916621930122,us,退化（时间变长）
8,mean_actual_read_us,平均实际读取时间,third_order,C:U:E,-254.8958599459438,us,退化（时间变长）
9,mean_gpu_utilization_percent,平均 GPU 利用率,main,C,-0.22232954747746092,pp,改善
9,mean_gpu_utilization_percent,平均 GPU 利用率,main,U,0.7315731069767217,pp,改善
9,mean_gpu_utilization_percent,平均 GPU 利用率,main,E,3.8214865037280674,pp,改善
9,mean_gpu_utilization_percent,平均 GPU 利用率,second_order,C:U,1.0513213102678876,pp,改善
9,mean_gpu_utilization_percent,平均 GPU 利用率,second_order,C:E,0.6509324948819142,pp,改善
9,mean_gpu_utilization_percent,平均 GPU 利用率,second_order,U:E,-0.10090297911632717,pp,改善
9,mean_gpu_utilization_percent,平均 GPU 利用率,third_order,C:U:E,0.5713314587688103,pp,改善
9,min_gpu_utilization_percent,最低 GPU 利用率,main,C,-3.4493099791677784,pp,改善
9,min_gpu_utilization_percent,最低 GPU 利用率,main,U,-3.6970343458763475,pp,改善
9,min_gpu_utilization_percent,最低 GPU 利用率,main,E,11.766612663313335,pp,改善
9,min_gpu_utilization_percent,最低 GPU 利用率,second_order,C:U,-5.685153312856068,pp,改善
9,min_gpu_utilization_percent,最低 GPU 利用率,second_order,C:E,-4.9737969885535716,pp,改善
9,min_gpu_utilization_percent,最低 GPU 利用率,second_order,U:E,-6.62863129075823,pp,改善
9,min_gpu_utilization_percent,最低 GPU 利用率,third_order,C:U:E,-10.507558379099198,pp,改善
9,p95_gpu_utilization_percent,P95 GPU 利用率,main,C,0.4132797841472069,pp,改善
9,p95_gpu_utilization_percent,P95 GPU 利用率,main,U,0.3183540174054116,pp,改善
9,p95_gpu_utilization_percent,P95 GPU 利用率,main,E,0.035245159442506946,pp,改善
9,p95_gpu_utilization_percent,P95 GPU 利用率,second_order,C:U,0.7704476331152819,pp,改善
9,p95_gpu_utilization_percent,P95 GPU 利用率,second_order,C:E,0.07972463487110559,pp,改善
9,p95_gpu_utilization_percent,P95 GPU 利用率,second_order,U:E,-0.07049031888501389,pp,改善
9,p95_gpu_utilization_percent,P95 GPU 利用率,third_order,C:U:E,-0.15944926974221119,pp,改善
9,max_gpu_utilization_percent,最高 GPU 利用率,main,C,0.1573311635691752,pp,改善
9,max_gpu_utilization_percent,最高 GPU 利用率,main,U,-0.09140209300984026,pp,改善
9,max_gpu_utilization_percent,最高 GPU 利用率,main,E,-0.004758366722342089,pp,改善
9,max_gpu_utilization_percent,最高 GPU 利用率,second_order,C:U,0.3336006803883862,pp,改善
9,max_gpu_utilization_percent,最高 GPU 利用率,second_order,C:E,-0.009516733444684178,pp,改善
9,max_gpu_utilization_percent,最高 GPU 利用率,second_order,U:E,-0.009516733444684178,pp,改善
9,max_gpu_utilization_percent,最高 GPU 利用率,third_order,C:U:E,-0.019033466889368356,pp,改善
9,mean_ttft_us,平均 TTFT,main,C,920.5543268731271,us,退化（时间变长）
9,mean_ttft_us,平均 TTFT,main,U,-6017.720507281658,us,退化（时间变长）
9,mean_ttft_us,平均 TTFT,main,E,-8378.809411147784,us,退化（时间变长）
9,mean_ttft_us,平均 TTFT,second_order,C:U,-4012.1221183694433,us,退化（时间变长）
9,mean_ttft_us,平均 TTFT,second_order,C:E,-2004.5763366785832,us,退化（时间变长）
9,mean_ttft_us,平均 TTFT,second_order,U:E,-5242.4545254207915,us,退化（时间变长）
9,mean_ttft_us,平均 TTFT,third_order,C:U:E,-1844.2539895433001,us,退化（时间变长）
9,p95_ttft_us,P95 TTFT,main,C,-2372.8255999999237,us,退化（时间变长）
9,p95_ttft_us,P95 TTFT,main,U,6743.755282051396,us,退化（时间变长）
9,p95_ttft_us,P95 TTFT,main,E,0.0,us,退化（时间变长）
9,p95_ttft_us,P95 TTFT,second_order,C:U,-5171.78879999998,us,退化（时间变长）
9,p95_ttft_us,P95 TTFT,second_order,C:E,0.0,us,退化（时间变长）
9,p95_ttft_us,P95 TTFT,second_order,U:E,0.0,us,退化（时间变长）
9,p95_ttft_us,P95 TTFT,third_order,C:U:E,0.0,us,退化（时间变长）
9,max_ttft_us,Max TTFT,main,C,-1552.921600000118,us,退化（时间变长）
9,max_ttft_us,Max TTFT,main,U,2340.121600000013,us,退化（时间变长）
9,max_ttft_us,Max TTFT,main,E,253.45279999999912,us,退化（时间变长）
9,max_ttft_us,Max TTFT,second_order,C:U,-4789.8111999999965,us,退化（时间变长）
9,max_ttft_us,Max TTFT,second_order,C:E,506.90559999999823,us,退化（时间变长）
9,max_ttft_us,Max TTFT,second_order,U:E,-506.90559999999823,us,退化（时间变长）
9,max_ttft_us,Max TTFT,third_order,C:U:E,-1013.8111999999965,us,退化（时间变长）
9,late_gpu_layer_count,逾期 GPU layer 数,main,C,13.5,count,退化（数量增加）
9,late_gpu_layer_count,逾期 GPU layer 数,main,U,-12.0,count,退化（数量增加）
9,late_gpu_layer_count,逾期 GPU layer 数,main,E,-24.5,count,退化（数量增加）
9,late_gpu_layer_count,逾期 GPU layer 数,second_order,C:U,22.0,count,退化（数量增加）
9,late_gpu_layer_count,逾期 GPU layer 数,second_order,C:E,3.0,count,退化（数量增加）
9,late_gpu_layer_count,逾期 GPU layer 数,second_order,U:E,-6.0,count,退化（数量增加）
9,late_gpu_layer_count,逾期 GPU layer 数,third_order,C:U:E,16.0,count,退化（数量增加）
9,p95_delta_us,P95 预取超期量,main,C,955.2823153846184,us,退化（超期增加）
9,p95_delta_us,P95 预取超期量,main,U,-10372.429635897435,us,退化（超期增加）
9,p95_delta_us,P95 预取超期量,main,E,8052.781684615382,us,退化（超期增加）
9,p95_delta_us,P95 预取超期量,second_order,C:U,-3801.780871794872,us,退化（超期增加）
9,p95_delta_us,P95 预取超期量,second_order,C:E,-174.06543076924208,us,退化（超期增加）
9,p95_delta_us,P95 预取超期量,second_order,U:E,-20866.609528205132,us,退化（超期增加）
9,p95_delta_us,P95 预取超期量,third_order,C:U:E,-3777.07185641025,us,退化（超期增加）
9,worst_delta_us,最坏预取超期量,main,C,18940.6592,us,退化（超期增加）
9,worst_delta_us,最坏预取超期量,main,U,-4778.534400000004,us,退化（超期增加）
9,worst_delta_us,最坏预取超期量,main,E,32737.344,us,退化（超期增加）
9,worst_delta_us,最坏预取超期量,second_order,C:U,21620.940800000004,us,退化（超期增加）
9,worst_delta_us,最坏预取超期量,second_order,C:E,32613.631999999998,us,退化（超期增加）
9,worst_delta_us,最坏预取超期量,second_order,U:E,-9775.257600000004,us,退化（超期增加）
9,worst_delta_us,最坏预取超期量,third_order,C:U:E,43473.152,us,退化（超期增加）
9,mean_actual_read_us,平均实际读取时间,main,C,3064.85171485126,us,退化（时间变长）
9,mean_actual_read_us,平均实际读取时间,main,U,425.75157926435895,us,退化（时间变长）
9,mean_actual_read_us,平均实际读取时间,main,E,4693.0798100385755,us,退化（时间变长）
9,mean_actual_read_us,平均实际读取时间,second_order,C:U,1191.079825275392,us,退化（时间变长）
9,mean_actual_read_us,平均实际读取时间,second_order,C:E,-19.505935511828284,us,退化（时间变长）
9,mean_actual_read_us,平均实际读取时间,second_order,U:E,3725.954027969774,us,退化（时间变长）
9,mean_actual_read_us,平均实际读取时间,third_order,C:U:E,334.7847008914978,us,退化（时间变长）
10,mean_gpu_utilization_percent,平均 GPU 利用率,main,C,-0.3652015314585846,pp,改善
10,mean_gpu_utilization_percent,平均 GPU 利用率,main,U,0.501290956896181,pp,改善
10,mean_gpu_utilization_percent,平均 GPU 利用率,main,E,3.4692128044297803,pp,改善
10,mean_gpu_utilization_percent,平均 GPU 利用率,second_order,C:U,1.2843368813497804,pp,改善
10,mean_gpu_utilization_percent,平均 GPU 利用率,second_order,C:E,0.5601151673037208,pp,改善
10,mean_gpu_utilization_percent,平均 GPU 利用率,second_order,U:E,-0.21577904404958304,pp,改善
10,mean_gpu_utilization_percent,平均 GPU 利用率,third_order,C:U:E,0.33041514388287396,pp,改善
10,min_gpu_utilization_percent,最低 GPU 利用率,main,C,-2.0857320803910495,pp,改善
10,min_gpu_utilization_percent,最低 GPU 利用率,main,U,-2.620860632228011,pp,改善
10,min_gpu_utilization_percent,最低 GPU 利用率,main,E,15.486216295855224,pp,改善
10,min_gpu_utilization_percent,最低 GPU 利用率,second_order,C:U,-0.5785702502000678,pp,改善
10,min_gpu_utilization_percent,最低 GPU 利用率,second_order,C:E,-1.4931244597605318,pp,改善
10,min_gpu_utilization_percent,最低 GPU 利用率,second_order,U:E,-4.814575482669145,pp,改善
10,min_gpu_utilization_percent,最低 GPU 利用率,third_order,C:U:E,-0.07264092020656676,pp,改善
10,p95_gpu_utilization_percent,P95 GPU 利用率,main,C,0.35129073405181543,pp,改善
10,p95_gpu_utilization_percent,P95 GPU 利用率,main,U,0.23546571184699872,pp,改善
10,p95_gpu_utilization_percent,P95 GPU 利用率,main,E,-0.0011535517760457026,pp,改善
10,p95_gpu_utilization_percent,P95 GPU 利用率,second_order,C:U,0.8633930334547699,pp,改善
10,p95_gpu_utilization_percent,P95 GPU 利用率,second_order,C:E,-0.002307103552091405,pp,改善
10,p95_gpu_utilization_percent,P95 GPU 利用率,second_order,U:E,0.002307103552091405,pp,改善
10,p95_gpu_utilization_percent,P95 GPU 利用率,third_order,C:U:E,0.00461420710418281,pp,改善
10,max_gpu_utilization_percent,最高 GPU 利用率,main,C,0.10839053811579191,pp,改善
10,max_gpu_utilization_percent,最高 GPU 利用率,main,U,-0.03609860532460374,pp,改善
10,max_gpu_utilization_percent,最高 GPU 利用率,main,E,0.0,pp,改善
10,max_gpu_utilization_percent,最高 GPU 利用率,second_order,C:U,0.2167810762315554,pp,改善
10,max_gpu_utilization_percent,最高 GPU 利用率,second_order,C:E,0.0,pp,改善
10,max_gpu_utilization_percent,最高 GPU 利用率,second_order,U:E,0.0,pp,改善
10,max_gpu_utilization_percent,最高 GPU 利用率,third_order,C:U:E,0.0,pp,改善
10,mean_ttft_us,平均 TTFT,main,C,1011.4026435597043,us,退化（时间变长）
10,mean_ttft_us,平均 TTFT,main,U,-4961.088440434687,us,退化（时间变长）
10,mean_ttft_us,平均 TTFT,main,E,-6513.233333203127,us,退化（时间变长）
10,mean_ttft_us,平均 TTFT,second_order,C:U,-4752.531108393858,us,退化（时间变长）
10,mean_ttft_us,平均 TTFT,second_order,C:E,-1797.5340815905947,us,退化（时间变长）
10,mean_ttft_us,平均 TTFT,second_order,U:E,-3997.9558563102037,us,退化（时间变长）
10,mean_ttft_us,平均 TTFT,third_order,C:U:E,-1380.9962676684372,us,退化（时间变长）
10,p95_ttft_us,P95 TTFT,main,C,-1560.511999999988,us,退化（时间变长）
10,p95_ttft_us,P95 TTFT,main,U,5123.684882051311,us,退化（时间变长）
10,p95_ttft_us,P95 TTFT,main,E,0.0,us,退化（时间变长）
10,p95_ttft_us,P95 TTFT,second_order,C:U,-4204.108800000045,us,退化（时间变长）
10,p95_ttft_us,P95 TTFT,second_order,C:E,0.0,us,退化（时间变长）
10,p95_ttft_us,P95 TTFT,second_order,U:E,0.0,us,退化（时间变长）
10,p95_ttft_us,P95 TTFT,third_order,C:U:E,0.0,us,退化（时间变长）
10,max_ttft_us,Max TTFT,main,C,-1633.894399999932,us,退化（时间变长）
10,max_ttft_us,Max TTFT,main,U,6031.590399999986,us,退化（时间变长）
10,max_ttft_us,Max TTFT,main,E,0.0,us,退化（时间变长）
10,max_ttft_us,Max TTFT,second_order,C:U,-4863.180799999973,us,退化（时间变长）
10,max_ttft_us,Max TTFT,second_order,C:E,0.0,us,退化（时间变长）
10,max_ttft_us,Max TTFT,second_order,U:E,0.0,us,退化（时间变长）
10,max_ttft_us,Max TTFT,third_order,C:U:E,0.0,us,退化（时间变长）
10,late_gpu_layer_count,逾期 GPU layer 数,main,C,26.5,count,退化（数量增加）
10,late_gpu_layer_count,逾期 GPU layer 数,main,U,-16.0,count,退化（数量增加）
10,late_gpu_layer_count,逾期 GPU layer 数,main,E,-32.5,count,退化（数量增加）
10,late_gpu_layer_count,逾期 GPU layer 数,second_order,C:U,33.0,count,退化（数量增加）
10,late_gpu_layer_count,逾期 GPU layer 数,second_order,C:E,30.0,count,退化（数量增加）
10,late_gpu_layer_count,逾期 GPU layer 数,second_order,U:E,-9.0,count,退化（数量增加）
10,late_gpu_layer_count,逾期 GPU layer 数,third_order,C:U:E,56.0,count,退化（数量增加）
10,p95_delta_us,P95 预取超期量,main,C,1226.2438461538459,us,退化（超期增加）
10,p95_delta_us,P95 预取超期量,main,U,-9075.528953846157,us,退化（超期增加）
10,p95_delta_us,P95 预取超期量,main,E,7393.207046153842,us,退化（超期增加）
10,p95_delta_us,P95 预取超期量,second_order,C:U,-4777.172492307687,us,退化（超期增加）
10,p95_delta_us,P95 预取超期量,second_order,C:E,-397.01249230768735,us,退化（超期增加）
10,p95_delta_us,P95 预取超期量,second_order,U:E,-17675.322892307693,us,退化（超期增加）
10,p95_delta_us,P95 预取超期量,third_order,C:U:E,-3505.4438153846277,us,退化（超期增加）
10,worst_delta_us,最坏预取超期量,main,C,5434.534399999999,us,退化（超期增加）
10,worst_delta_us,最坏预取超期量,main,U,-11499.73760000001,us,退化（超期增加）
10,worst_delta_us,最坏预取超期量,main,E,13859.776,us,退化（超期增加）
10,worst_delta_us,最坏预取超期量,second_order,C:U,-1429.4783999999963,us,退化（超期增加）
10,worst_delta_us,最坏预取超期量,second_order,C:E,4643.353599999999,us,退化（超期增加）
10,worst_delta_us,最坏预取超期量,second_order,U:E,-23086.7712,us,退化（超期增加）
10,worst_delta_us,最坏预取超期量,third_order,C:U:E,-2286.6431999999986,us,退化（超期增加）
10,mean_actual_read_us,平均实际读取时间,main,C,3329.4550673602525,us,退化（时间变长）
10,mean_actual_read_us,平均实际读取时间,main,U,-91.35278085688424,us,退化（时间变长）
10,mean_actual_read_us,平均实际读取时间,main,E,4342.581170890896,us,退化（时间变长）
10,mean_actual_read_us,平均实际读取时间,second_order,C:U,937.4935933844044,us,退化（时间变长）
10,mean_actual_read_us,平均实际读取时间,second_order,C:E,296.9633265074426,us,退化（时间变长）
10,mean_actual_read_us,平均实际读取时间,second_order,U:E,2791.9044213391517,us,退化（时间变长）
10,mean_actual_read_us,平均实际读取时间,third_order,C:U:E,540.9184769931198,us,退化（时间变长）
